{"type": "block", "layer": 0, "block": 0, "features": [{"geom": {"pts": [[25.506565760821104, -21.633841116912663, -1.3308669924736023]], "rotateX": 0, "rotateY": 0, "rotateZ": 0, "scale": 1}, "model": 0}], "featureCount": 1, "startIndex": 0}